{
  "sample_count": 3,
  "split_counts": {
    "train": 1,
    "dev": 1,
    "test": 1
  },
  "aggregate": {
    "overall_f1_macro": 0.23989898989898992,
    "overall_precision_macro": 0.3670634920634921,
    "overall_recall_macro": 0.18032212885154061,
    "dialogue_frame_consistency_macro": 1.0,
    "compliance_macro": 1.0,
    "per_kind": {
      "authentication": {
        "f1_macro": 0.8222222222222223,
        "precision_macro": 1.0,
        "recall_macro": 0.7222222222222222
      },
      "functional_capability": {
        "f1_macro": 0.09523809523809523,
        "precision_macro": 0.3333333333333333,
        "recall_macro": 0.05555555555555555
      },
      "performance": {
        "f1_macro": 0.0,
        "precision_macro": 0.0,
        "recall_macro": 0.0
      },
      "security": {
        "f1_macro": 0.26666666666666666,
        "precision_macro": 0.3333333333333333,
        "recall_macro": 0.2222222222222222
      },
      "system_context": {
        "f1_macro": 0.3333333333333333,
        "precision_macro": 0.3333333333333333,
        "recall_macro": 0.3333333333333333
      },
      "user_role": {
        "f1_macro": 0.0,
        "precision_macro": 0.0,
        "recall_macro": 0.0
      }
    }
  },
  "per_sample": [
    {
      "sample_id": "manual_001_amazing_lunch_indicator_noisy",
      "kinds": {
        "authentication": {
          "precision": 1.0,
          "recall": 0.5,
          "f1": 0.6666666666666666,
          "tp": 1,
          "fp": 0,
          "fn": 1
        },
        "functional_capability": {
          "precision": 1.0,
          "recall": 0.16666666666666666,
          "f1": 0.2857142857142857,
          "tp": 1,
          "fp": 0,
          "fn": 5
        },
        "performance": {
          "precision": 0.0,
          "recall": 0.0,
          "f1": 0.0,
          "tp": 0,
          "fp": 0,
          "fn": 2
        },
        "security": {
          "precision": 0.0,
          "recall": 0.0,
          "f1": 0.0,
          "tp": 0,
          "fp": 0,
          "fn": 2
        },
        "system_context": {
          "precision": 0.0,
          "recall": 0.0,
          "f1": 0.0,
          "tp": 0,
          "fp": 1,
          "fn": 1
        },
        "user_role": {
          "precision": 0.0,
          "recall": 0.0,
          "f1": 0.0,
          "tp": 0,
          "fp": 3,
          "fn": 3
        }
      },
      "overall": {
        "precision": 0.3333333333333333,
        "recall": 0.125,
        "f1": 0.18181818181818182,
        "tp": 2,
        "fp": 4,
        "fn": 14
      },
      "dialogue_frame_consistency": 1.0,
      "compliance": 1.0
    },
    {
      "sample_id": "manual_002_restaurant_menu_ordering_system_noisy",
      "kinds": {
        "authentication": {
          "precision": 1.0,
          "recall": 1.0,
          "f1": 1.0,
          "tp": 1,
          "fp": 0,
          "fn": 0
        },
        "functional_capability": {
          "precision": 0.0,
          "recall": 0.0,
          "f1": 0.0,
          "tp": 0,
          "fp": 1,
          "fn": 5
        },
        "performance": {
          "precision": 0.0,
          "recall": 0.0,
          "f1": 0.0,
          "tp": 0,
          "fp": 0,
          "fn": 3
        },
        "security": {
          "precision": 0.0,
          "recall": 0.0,
          "f1": 0.0,
          "tp": 0,
          "fp": 0,
          "fn": 3
        },
        "system_context": {
          "precision": 0.0,
          "recall": 0.0,
          "f1": 0.0,
          "tp": 0,
          "fp": 1,
          "fn": 1
        },
        "user_role": {
          "precision": 0.0,
          "recall": 0.0,
          "f1": 0.0,
          "tp": 0,
          "fp": 4,
          "fn": 4
        }
      },
      "overall": {
        "precision": 0.14285714285714285,
        "recall": 0.058823529411764705,
        "f1": 0.08333333333333333,
        "tp": 1,
        "fp": 6,
        "fn": 16
      },
      "dialogue_frame_consistency": 1.0,
      "compliance": 1.0
    },
    {
      "sample_id": "manual_003_keepass_password_safe_noisy",
      "kinds": {
        "authentication": {
          "precision": 1.0,
          "recall": 0.6666666666666666,
          "f1": 0.8,
          "tp": 2,
          "fp": 0,
          "fn": 1
        },
        "functional_capability": {
          "precision": 0.0,
          "recall": 0.0,
          "f1": 0.0,
          "tp": 0,
          "fp": 1,
          "fn": 4
        },
        "performance": {
          "precision": 0.0,
          "recall": 0.0,
          "f1": 0.0,
          "tp": 0,
          "fp": 0,
          "fn": 1
        },
        "security": {
          "precision": 1.0,
          "recall": 0.6666666666666666,
          "f1": 0.8,
          "tp": 2,
          "fp": 0,
          "fn": 1
        },
        "system_context": {
          "precision": 1.0,
          "recall": 1.0,
          "f1": 1.0,
          "tp": 1,
          "fp": 0,
          "fn": 0
        },
        "user_role": {
          "precision": 0.0,
          "recall": 0.0,
          "f1": 0.0,
          "tp": 0,
          "fp": 2,
          "fn": 2
        }
      },
      "overall": {
        "precision": 0.625,
        "recall": 0.35714285714285715,
        "f1": 0.45454545454545453,
        "tp": 5,
        "fp": 3,
        "fn": 9
      },
      "dialogue_frame_consistency": 1.0,
      "compliance": 1.0
    }
  ]
}
