{
  "sample_count": 3,
  "aggregate": {
    "functional_f1_macro": 0.1574074074074074,
    "non_functional_f1_macro": 0.2222222222222222,
    "overall_f1_macro": 0.20146520146520144,
    "coverage_macro": 0.13215488215488216,
    "hallucination_rate_macro": 0.5,
    "source_slot_coverage_macro": 0.26430976430976433,
    "compliance_macro": 1.0
  },
  "per_sample": [
    {
      "sample_id": "manual_001_amazing_lunch_indicator_noisy",
      "functional": {
        "precision": 0.5,
        "recall": 0.14285714285714285,
        "f1": 0.22222222222222224,
        "tp": 1,
        "fp": 1,
        "fn": 6
      },
      "non_functional": {
        "precision": 0.0,
        "recall": 0.0,
        "f1": 0.0,
        "tp": 0,
        "fp": 0,
        "fn": 4
      },
      "overall": {
        "precision": 0.5,
        "recall": 0.09090909090909091,
        "f1": 0.15384615384615385,
        "tp": 1,
        "fp": 1,
        "fn": 10,
        "coverage": 0.09090909090909091,
        "hallucination_rate": 0.5
      },
      "source_slot_coverage": 0.18181818181818182,
      "compliance": 1.0
    },
    {
      "sample_id": "manual_002_restaurant_menu_ordering_system_noisy",
      "functional": {
        "precision": 0.5,
        "recall": 0.16666666666666666,
        "f1": 0.25,
        "tp": 1,
        "fp": 1,
        "fn": 5
      },
      "non_functional": {
        "precision": 0.0,
        "recall": 0.0,
        "f1": 0.0,
        "tp": 0,
        "fp": 0,
        "fn": 6
      },
      "overall": {
        "precision": 0.5,
        "recall": 0.08333333333333333,
        "f1": 0.14285714285714285,
        "tp": 1,
        "fp": 1,
        "fn": 11,
        "coverage": 0.08333333333333333,
        "hallucination_rate": 0.5
      },
      "source_slot_coverage": 0.16666666666666666,
      "compliance": 1.0
    },
    {
      "sample_id": "manual_003_keepass_password_safe_noisy",
      "functional": {
        "precision": 0.0,
        "recall": 0.0,
        "f1": 0.0,
        "tp": 0,
        "fp": 2,
        "fn": 5
      },
      "non_functional": {
        "precision": 1.0,
        "recall": 0.5,
        "f1": 0.6666666666666666,
        "tp": 2,
        "fp": 0,
        "fn": 2
      },
      "overall": {
        "precision": 0.5,
        "recall": 0.2222222222222222,
        "f1": 0.30769230769230765,
        "tp": 2,
        "fp": 2,
        "fn": 7,
        "coverage": 0.2222222222222222,
        "hallucination_rate": 0.5
      },
      "source_slot_coverage": 0.4444444444444444,
      "compliance": 1.0
    }
  ]
}