{
  "clean": {
    "slot_overall_f1": 1.0,
    "slot_authentication_methods_f1": 1.0,
    "slot_functional_capabilities_f1": 1.0,
    "slot_security_constraints_f1": 1.0,
    "requirement_overall_f1": 1.0,
    "requirement_coverage": 1.0,
    "requirement_hallucination_rate": 0.0,
    "source_slot_coverage": 1.0
  },
  "noisy": {
    "slot_overall_f1": 0.30128205128205127,
    "slot_authentication_methods_f1": 0.8222222222222223,
    "slot_functional_capabilities_f1": 0.09523809523809523,
    "slot_security_constraints_f1": 0.26666666666666666,
    "requirement_overall_f1": 0.20146520146520144,
    "requirement_coverage": 0.13215488215488216,
    "requirement_hallucination_rate": 0.5,
    "source_slot_coverage": 0.26430976430976433
  },
  "delta_noisy_minus_clean": {
    "slot_overall_f1": -0.6987179487179487,
    "slot_authentication_methods_f1": -0.1777777777777777,
    "slot_functional_capabilities_f1": -0.9047619047619048,
    "slot_security_constraints_f1": -0.7333333333333334,
    "requirement_overall_f1": -0.7985347985347986,
    "requirement_coverage": -0.8678451178451179,
    "requirement_hallucination_rate": 0.5,
    "source_slot_coverage": -0.7356902356902357
  }
}